Bachelor,SEASON,NAME,ID,ID_NAME,PARTICIPANTS,AGE,HOMETOWN,JOB,ELIMINATION-1,ELIMINATION-2,ELIMINATION-3,ELIMINATION-4,ELIMINATION-5,ELIMINATION-6,ELIMINATION-7,ELIMINATION-8,AFTERMATH,DATES-1,DATES-2,DATES-3,DATES-4,DATES-5,DATES-6,DATES-7,DATES-8,DATES-9,DATES-10
Bachelor,13,Melissa Rycroft,1,13_MELISSA_R,CONTESTANT,25,"Dallas, Texas",Sales Representative,,R,,,,,,W,E,,D1_1,D8,D6,D1_1,D1,D1,D1,,
Bachelor,13,Molly Malaney,2,13_MOLLY_M,CONTESTANT,24,"Grand Rapids, Michigan",Department Store Buyer,,R,,R,,,,E,Married,,D8,,D1,D3,D1,D1,D1,,
Bachelor,13,Jillian Harris,3,13_JILLIAN_H,CONTESTANT,29,"Peace River, Alberta",Interior Designer,,R,R,,,,E,,,,D1_2,D8,D6,D3,D1,D1,,,
Bachelor,13,Naomi Crespo,4,13_NAOMI_C,CONTESTANT,24,"Carlsbad, California",Flight Attendant,,,,R,,E,,,,,D8,D8,D6,D1_2,D1,,,,
Bachelor,13,Stephanie Hogan,5,13_STEPHANIE_H,CONTESTANT,34,"Huntsville, Alabama",Medical Marketing Representative,,,R,R,E,,,,,,,D1_1,D2,D3,,,,,
Bachelor,13,Lauren Wanger,6,13_LAUREN_W,CONTESTANT,27,"Marlboro, New Jersey",Teacher,,,,E,,,,,,,D8,,D6,,,,,,
Bachelor,13,Megan Parris,7,13_MEGAN_P,CONTESTANT,25,"Sewickley, Pennsylvania",Lacrosse Coach,R,,,E,,,,,,,,D8,D6,,,,,,
Bachelor,13,Shannon Bair,8,13_SHANNON_B,CONTESTANT,29,"Marshall, Missouri",Dental Hygienist,,,,E,,,,,,,,D8,D6,,,,,,
Bachelor,13,Nikki Kaapke,9,13_NIKKI_K,CONTESTANT,29,"Blue Island, Illinois",Administrative Assistant,R1,,,ED,,,,,,,D8,D8,D2,,,,,,
Bachelor,13,Erica DeSimone,10,13_ERICA_D,CONTESTANT,25,"Monroe, Connecticut",Account Executive,,,E,,,,,,,,D8,D8,,,,,,,
Bachelor,13,Kari Fajen,11,13_KARI_F,CONTESTANT,27,"Lee's Summit, Missouri",Account Executive,,,E,,,,,,,,D8,,,,,,,,
Bachelor,13,Natalie Getz,12,13_NATALIE_G,CONTESTANT,27,"Morton, Illinois",Human Resources Recruiter,,,ED,,,,,,,,D8,D1_2,,,,,,,
Bachelor,13,Raquel Medeiros,13,13_RAQUEL_M,CONTESTANT,27,"Recife, Pernambuco, Brazil",Medical Student,,E,,,,,,,,,,,,,,,,,
Bachelor,13,Sharon Staebell,14,13_SHARON_S,CONTESTANT,32,"Batavia, New York",Teacher,,E,,,,,,,,,D8,,,,,,,,
Bachelor,13,Lisa Gonzalez,15,13_LISA_G,CONTESTANT,28,"Boise, Idaho",Public Relations Associate,,EQ,,,,,,,,,,,,,,,,,
Bachelor,13,Ann Lueders,16,13_ANN_L,CONTESTANT,24,"Phoenix, Arizona",Flight Attendant,E,,,,,,,,,,,,,,,,,,
Bachelor,13,Dominique Carta,17,13_DOMINIQUE_C,CONTESTANT,26,"Mount Carmel, Pennsylvania",Medical Sales Representative,E,,,,,,,,,,,,,,,,,,
Bachelor,13,Emily,18,13_EMILY_H,CONTESTANT,23,"Seattle, Washington",Casino Marketing Representative,E,,,,,,,,,,,,,,,,,,
Bachelor,13,Jackie Hickley,19,13_JACKIE_H,CONTESTANT,26,"Springfield, Massachusetts",Wedding Coordinator,E,,,,,,,,,,,,,,,,,,
Bachelor,13,Julie Dermotta,20,13_JULIE_D,CONTESTANT,26,"Columbus, Ohio",Teacher,E,,,,,,,,,,,,,,,,,,
Bachelor,13,Nicole Mah,21,13_NICOLE_M,CONTESTANT,25,"Calgary, Alberta",Menswear Buyer,E,,,,,,,,,,,,,,,,,,
Bachelor,13,Renee Simlak,22,13_RENEE_S,CONTESTANT,36,"Southfield, Michigan",Jewelry Designer,E,,,,,,,,,,,,,,,,,,
Bachelor,13,Shelby,23,13_SHELBY_G,CONTESTANT,23,"Stockton, California",Account Executive,E,,,,,,,,,,,,,,,,,,
Bachelor,13,Stacia Mann,24,13_STACIA_M,CONTESTANT,24,"Orem, Utah",Charity Accountant,E,,,,,,,,,,,,,,,,,,
Bachelor,13,Treasure Morgan,25,13_TREASURE_M,CONTESTANT,28,"Salt Lake City, Utah",Nurse Practitioner,E,,,,,,,,,,,,,,,,,,
Bachelor,14,Jason Mesnick,26,13_JASON_M,BACHELOR,32,"Kirkland, Washington",Residential Consultant,N/A,N/A,N/A,N/A,N/A,N/A,N/A,W,Married,N/A,N/A,N/A,N/A,N/A,N/A,N/A,N/A,N/A,N/A